<?xml version="1.0" encoding="UTF-8"?>
<system>
	<name>opmet</name>
	<data-model>		
		<ilf name="Alertas">
			<ret name="Alertas">
				<det name="DATA INICIAL"/>
				<det name="DATA FINAL"/>
				<det name="HORA FINAL"/>
				<det name="HORA INICIAL"/>
				<det name="QTD MENSAGENS"/>
				<det name="QUADRO DE MENSAGEM"/>
				<det name="TIMER"/>
			</ret>

		</ilf>
		<ilf name="Sinotica">
			<ret name="Sinotica">
				<det primaryKey="true" name="Sinotica"/>
				<det name="ESTACAO Sinotica"/>
				<det name="DESCRIACAO ESTACAO Sinotica"/>
				<det name="INDICADOR GEOGRAFICO"/>
				<det name="Regiao"/>
				<det name="TIPO DE MENSAGEM"/>
				<det name="DESCRICAO MENSAGEM"/>
				<det name="TIPO METEOROLOGICO"/>
				<det name="DATA INICIAL"/>
				<det name="PARTE"/>
				<det name="HORA DE ENVIO"/>
				<det name="GRUPO"/>
				<det name="ENDEREcO AFTN"/>
				<det name="DIA DA SEMANA"/>
				<det name="HORA INICIAL"/>
				<det name="HORA FINAL"/>
				<det name="NUMERO Sinotica"/>
				<det name="REQUERIMENTO SONOTICO"/>
				<det name="SYNOP"/>
				<det name="TEMP"/>
				<det name="PILOT"/>
				<det name="PAIS"/>
			</ret>
			<ret name="TB_MSG_Sinotica">
				<det primaryKey="true" name="TB_MSG_Sinotica"/>
			</ret>
			<ret name="TB_MSG_PILOT">
				<det primaryKey="true" name="TB_MSG_PILOT"/>
			</ret>
			<ret name="TB_MSG_TEMP">
				<det primaryKey="true" name="TB_MSG_TEMP"/>
			</ret>
			<ret name="TB_Sinotica_DESTINATARIO">
				<det primaryKey="true" name="TB_Sinotica_DESTINATARIO"/>
			</ret>
			<ret name="TB_Grupo_Endereco">
				<det primaryKey="true" name="TB_Grupo_Endereco"/>
			</ret>
			<ret name="ASS ESTAT Sinotica">
				<det primaryKey="true" name="ASS ESTAT Sinotica"/>
			</ret>
		</ilf>

		<ilf name="Localidade">
			<ret name="Localidade">
				<det primaryKey="true" name="TB_Localidade"/>
				<det name="Localidade"/>
				<det name="DESCRIcAO Localidade"/>
				<det name="IDENTIFICADOR GEOGRAFICO"/>
				<det name="Regiao"/>
				<det name="TIPO DE MENSAGEM"/>
				<det name="30 MIN (EMITE MENSAGENS METAR A CADA 30 MIN"/>
				<det name="DATA INICIAL"/>
				<det name="DIA DA SEMANA"/>
				<det name="HORA INICIAL"/>
				<det name="HORA FINAL"/>
				<det name="HORA DE ENVIO"/>
				<det name="INDICADOR DE MENSAGEM"/>
				<det name="30 MIN DESTINATARIO"/>
				<det name="DESTINATARIOS - GRUPO"/>
				<det name="DESTINATARIOS - ENEDEREcO AFTN"/>
				<det name="PAIS"/>
				<det name="FIR"/>
			</ret>
			<ret name="TB_MSG_WINTEM">
				<det primaryKey="true" name="TB_MSG_WINTEM"/>
			</ret>
			<ret name="TB_MSG_TAF">
				<det primaryKey="true" name="TB_MSG_TAF"/>
			</ret>
			<ret name="TB_MSG_SPECI">
				<det primaryKey="true" name="TB_MSG_SPECI"/>
			</ret>
			<ret name="TB_MSG_METAR">
				<det primaryKey="true" name="TB_MSG_METAR"/>
			</ret>
			<ret name="TB_MSG_CINZAS">
				<det primaryKey="true" name="TB_MSG_CINZAS"/>
			</ret>
			<ret name="TB_MSG_CICLONE">
				<det primaryKey="true" name="TB_MSG_CICLONE"/>
			</ret>
			<ret name="TB_MSG_AreaFCST">
				<det primaryKey="true" name="TB_MSG_AreaFCST"/>
			</ret>
			<ret name="TB_Localidade_TIPO_MENS">
				<det primaryKey="true" name="TB_Localidade_TIPO_MENS"/>
			</ret>
			<ret name="TB_Localidade_DESTINATARIO">
				<det primaryKey="true" name="TB_Localidade_DESTINATARIO"/>
			</ret>
			<ret name="ASSOCIACAO ESTATISITICO">
				<det primaryKey="true" name="ASSOCIACAO ESTATISITICO"/>
			</ret>
		</ilf>
		<ilf name="FIR">
			<ret name="FIR">
				<det primaryKey="true" name="FIR"/>
				<det name="DESCRICAO FIR"/>
				<det name="INDICADDOR GEOGRAFICO"/>
				<det name="DESCRICAO INDICADOR GEOGRAFICO"/>
				<det name="Regiao "/>
				<det name="DESCRICAO Regiao"/>
				<det name="TIPO DE MENSAGEM"/>
				<det name="COMPILADOR"/>
				<det name="GRUPO"/>
				<det name="ENDEREcO AFTN"/>
				<det name="CODIGO MENSAGEM"/>
				<det name="VALIDADE INICIAL"/>
				<det name="VALIDADE FINAL"/>
				<det name="DESCRICAO MENSAGEM"/>
				<det name="Remetente"/>
				<det name="ORIGEM"/>
				<det name="RECEBIMENTO"/>
			</ret>
			<ret name="TBMSG_AIREP">
				<det primaryKey="true" name="TBMSG_AIREP"/>
			</ret>
			<ret name="TB_MSG_TORNADO">
				<det primaryKey="true" name="TB_MSG_TORNADO"/>
			</ret>
			<ret name="TB_MSG_AERODROMO">
				<det primaryKey="true" name="TB_MSG_AERODROMO"/>
			</ret>
			<ret name="TB_MSG_SIGMET">
				<det primaryKey="true" name="TB_MSG_SIGMET"/>
			</ret>
			<ret name="TB_MSG_GAMET">
				<det primaryKey="true" name="TB_MSG_GAMET"/>
			</ret>
			<ret name="TB_MSG_AIREP">
				<det primaryKey="true" name="TB_MSG_AIREP"/>
			</ret>
			<ret name="TB_MSG_FURACAO">
				<det primaryKey="true" name="TB_MSG_FURACAO"/>
			</ret>
			<ret name="TB_MSG_TEMPESTADE">
				<det primaryKey="true" name="TB_MSG_TEMPESTADE"/>
			</ret>
			<ret name="TB_MSG_AIRMET">
				<det primaryKey="true" name="TB_MSG_AIRMET"/>
			</ret>
		</ilf>

		<ilf name="Localidade_GRUPO">
			<ret name="Localidade_GRUPO">
				<det primaryKey="true" name="Localidade_GRUPO"/>
				<det name="GRUPO"/>
				<det name="TIPO DE MENSAGEM"/>
				<det name="Localidade"/>
				<det name="INDICADOR DA MENSAGEM"/>
			</ret>
		</ilf>	
		<ilf name="Area">
			<ret name="Area">
				<det primaryKey="true" name="Area"/>
				<det name="DESCRICAO Area"/>
				<det name="PONTOS"/>
				<det name="LATITUDE GRAUS"/>
				<det name="LATITUDE MINUTOS"/>
				<det name="LONGITUDE GRAUS"/>
				<det name="LONGITUDE MINUTOS"/>
				<det name="LONGITUDE DIRECAO"/>
				<det name="LATITUDE DIRECAO"/>
			</ret>
		</ilf>

		<ilf name="FIR_Grupo">
			<ret name="FIR_Grupo">
				<det primaryKey="true" name="FIR_Grupo"/>
				<det name="GRUPO"/>
				<det name="TIPO DE MENSAGEM"/>
				<det name="FIR"/>
			</ret>
		</ilf>

		<ilf name="Remetente">
			<ret name="Remetente">
				<det primaryKey="true" name="Remetente"/>
				<det name="Remetente AFTN"/>
				<det name="DESCRICAO"/>
				<det name="RECEBE"/>
				<det name="PAIS"/>
				<det name="Regiao"/>
			</ret>
			<ret name="ASSOCIACAO_Remetente
">
				<det primaryKey="true" name="Remetente"/> 
			</ret>
		</ilf>

		<ilf name="Sinotica_GRUPO">
			<ret name="Sinotica_GRUPO">
				<det primaryKey="true" name="Sinotica_GRUPO"/>
				<det name="GRUPO"/>
				<det name="TIPO DE MENSAGEM"/>
				<det name="ESTAcaO Sinotica"/>
				<det name="DESCRICAO ESTACAO Sinotica"/>
				<det name="Area"/>
				<det name="DESCRIcAO Area"/>
			</ret>			
		</ilf>
		<ilf name="Aviso_Automatico">
			<ret name="Aviso_Automatico">
				<det primaryKey="true" name="Aviso_Automatico"/>
				<det name="AVISO"/>
				<det name="COMPILADOR"/>
				<det name="TIPO DE MENSAGEM"/>
				<det name="TEMPO"/>
				<det name="30 MIN"/>
				<det name="ATRAS."/>
				<det name="PARTE"/>
				<det name="Grupo_EnderecoS AFTN"/>
				<det name="Localidade"/>
				<det name="DESCRIcAO Localidade"/>
				<det name="Area "/>
			</ret>
			<ret name="AVISO_TIPO_MENS_SIGLA"
>
				<det primaryKey="true" name="AVISO_TIPO_MENS_SIGLA"/> 
			</ret>
			<ret name="AVISO_DESTINATARIO
">    
				<det primaryKey="true" name="AVISO_DESTINATARIO"/> 
			</ret>		
			<ret name="AVISO_LOCALIZACAO_SIGLA
">    
				<det primaryKey="true" name="AVISO_LOCALIZACAO_SIGLA"/> 
			</ret>
		</ilf>	

		<eif name="QTD_RECEBIDAS">	
			<ret name="QTD_RECEBIDAS">	
				<det primaryKey="true" name="QTD_RECEBIDAS"/>
				<det name="QUANTIDADE DE MENSAGENS RECEBIDAS PELO BANCO OPMET MODERNIZADO."/>
				<det name="QUANTIDADE DE MENSAGENS ENVIADAS PELO BANCO OPMET MODERNIZADO."/>
				<det name="QUANTIDADE DE MENSAGENS RECEBIDAS SEM ERRO PELO BANCO OPMET MODERNIZADO."/>
				<det name="QUANTIDADE DE MENSAGENS RECEBIDAS COM ERRO PELO BANCO OPMET MODERNIZADO."/>
				<det name="QUANTIDADE DE MENSAGENS RECEBIDAS SEM ERRO PELO BANCO OPMET MODERNIZADO, EXCETO RQM."/>
				<det name="QUANTIDADE DE MENSAGENS RECEBIDAS COM ERRO PELO BANCO OPMET MODERNIZADO, EXCETO RQM."/>
				<det name="QUANTIDADE DE MENSAGENS DE SOLICITAcaO (RQM) RECEBIDAS SEM ERRO PELO BANCO OPMET MODERNIZADO."/>
				<det name="QUANTIDADE DE MENSAGENS DE SOLICITAcaO (RQM) RECEBIDAS COM ERRO PELO BANCO OPMET MODERNIZADO."/>
			</ret>			
		</eif>	
	

		<eif name="MSG_ENVIADAS_OUTROS">	
			<ret name="MSG_ENVIADAS_OUTROS">	
				<det primaryKey="true" name="MSG_ENVIADAS_OUTROS"/>
				<det name="DESTINATARIOS DA MENSAGEM"/>
				<det name="DATA E HORA DO ENVIO DA MENSAGEM"/>
				<det name="CONTEUDO DA MENSAGEM"/>
				<det name="PRIORIDADE"/>
			</ret>				
		
		</eif>

		<eif name="RQM">	
			<ret name="RQM">	
				<det primaryKey="true" name="RQM"/>
				<det name="Remetente DA MENSAGEM RQM"/>
				<det name="DESTINATARIOS DA MENSAGEM RQM"/>
				<det name="DATA E HORA DE RECEPcAO DA MENSAGEM RQM"/>
				<det name="CONTEUDO DA MENSAGEM"/>
			</ret>
		</eif>

		<ilf name="pais">	
			<ret name="pais">	
				<det primaryKey="true" name="pais"/>
				<det name="DESCRICAO"/>
				<det name="ENDERECO"/>
				<det name="FAX"/>
				<det name="EMAIL"/>
				<det name="ACAO"/>
				<det name="MENSAGEM"/>
			</ret>
		</ilf>

		<ilf name="LOG">	
			<ret name="LOG">	
				<det primaryKey="true" name="LOG"/>
				<det name="DATA E HORA DO RECEBIMENTO DA MENSAGEM OU DAT DE CORRECAO DA MENSAGEM"/>
				<det name="STATUS"/>
				<det name="PRIORIDADE DA MENSAGEM"/>
				<det name="MENSAGEM METEOROLOGICA"/>
				<det name="DESCRICAO DO ERRO ENCONTRADO"/>
			</ret>
			<ret name="MENSAGEM
">   
				<det primaryKey="true" name="MENSAGEM"/> 
			</ret>
		</ilf>

		<ilf name="Regiao">
			<ret name="Regiao">
				<det primaryKey="true" name="Regiao"/>
				<det name="DESCRICAO Regiao"/>
			</ret>
		</ilf>
		
		<ilf name="Usuario_ESTRANGEIRO">
			<ret name="Usuario_ESTRANGEIRO">
				<det primaryKey="true" name="Usuario_ESTRANGEIRO"/>
				<det name="INDICADOR GEOGRAFICO"/>
				<det name="DESCRIcAO"/>
				<det name="ENDEREcO"/>
				<det name="FAX"/>
				<det name="EMAIL"/>
			</ret>	
		</ilf>

		<ilf name="Grupo_Endereco">
			<ret name="Grupo_Endereco">
				<det primaryKey="true" name="Grupo_Endereco"/>
				<det name="ENDERECO AFTN"/>
				<det name="MENSAGEM"/>
			</ret>	
		</ilf>

		<ilf name="WAFS">	
			<ret name="WAFS">	
				<det primaryKey="true" name="WAFS"/>
				<det name="INDICADOR"/>
				<det name="TIPO DE MENSAGEM"/>
			</ret>			
			<ret name="TIPO_MENSAGEM
">    
				<det primaryKey="true" name="TIPO_MENSAGEM"/> 
			</ret>
		</ilf>

		<ilf name="Usuario">	
			<ret name="Usuario">	
				<det primaryKey="true" name="Usuario"/>
				<det name="DATA START"/>
				<det name="RELATORIO"/>
				<det name="STATUS"/>
			</ret>
		</ilf>	
		<eif name="ESTADO_OPERACIONAL">
			<ret name="ESTADO_OPERACIONAL">
				<det primaryKey="true" name="ESTADO_OPERACIONAL"/>
				<det name="ESTADO"/>
				<det name="EQUIPAMENTO"/>
				<det name="Usuario"/>
				<det name="DATA/HORA"/>
				<det name="CONEXOES"/>
			</ret>	
		</eif>

		<eif name="CONFIGURACAO">
			<ret name="CONFIGURACAO">
			<det primaryKey="true" name="CONFIGURACAO"/>
			<det name="SISTEMA"/>
			<det name="ENVIO"/>
			<det name="RECEPCAO"/>
			<det name="EDERECO IP"/>
			<det name="INTERVALO (SEGUNDOS)"/>
			<det name="Usuario"/>
			<det name="PORTA"/>
			<det name="SENHA"/>
			<det name="ENDEREcO MTA/MS"/>
			<det name="TEMPO DE ARMAZENAMENTO DAS MENSAGENS METEOROLOGICAS"/>
			</ret>
		</eif>
	</data-model>

	<transaction-model>
		<transaction name="AreaIncluir" errorMsg="true" type="EI">
			<ftr-list>
				<ftr name="Area" ret="Area" useAllDets="true" />
			</ftr-list>			
		</transaction>	

		<transaction name="AreaAlterar" errorMsg="true" type="EI">
			<ftr-list>
				<ftr name="Area" ret="Area" useAllDets="true" />
			</ftr-list>		
		</transaction>

		<transaction name="AreaConsultar" errorMsg="true" type="EQ">
			<ftr-list>
				<ftr name="Area" ret="Area" useAllDets="true" />
			</ftr-list>	
		</transaction>

		<transaction name="AreaExcluir" errorMsg="true" type="EI">
			<ftr-list>
				<ftr name="Area" ret="Area">
					<det name="Area"/>
				</ftr>
			</ftr-list>
		</transaction>

		<transaction name="LocalidadeIncluir" errorMsg="true" type="EI">
			<ftr-list>
				<ftr name="Localidade" ret="Localidade" useAllDets="true" />
			</ftr-list>			
		</transaction>	
		<transaction name="LocalidadeAlterar" errorMsg="true" type="EI">
			<ftr-list>
				<ftr name="Localidade" ret="Localidade" useAllDets="true" />
			</ftr-list>			
		</transaction>

		<transaction name="LocalidadeConsultar" errorMsg="true" type="EQ">
			<ftr-list>
				<ftr name="Localidade" ret="Localidade" useAllDets="true" />
			</ftr-list>		
		</transaction>

		<transaction name="LocalidadeExcluir" errorMsg="true" type="EI">
			<ftr-list>
				<ftr name="Localidade" ret="Localidade">
					<det name="Localidade"/>
				</ftr>
			</ftr-list>
		</transaction>

		<transaction name="FIRIncluir" errorMsg="true" type="EI">
			<ftr-list>
				<ftr name="FIR" ret="FIR" useAllDets="true" />
			</ftr-list>			
		</transaction>	
		<transaction name="FIRAlterar" errorMsg="true" type="EI">
			<ftr-list>
				<ftr name="FIR" ret="FIR" useAllDets="true" />
			</ftr-list>			
		</transaction>


		<transaction name="FIRConsultar" errorMsg="true" type="EQ">
			<ftr-list>
				<ftr name="FIR" ret="FIR" useAllDets="true" />
			</ftr-list>	
		</transaction>

		<transaction name="FIRExcluir" errorMsg="true" type="EI">
			<ftr-list>
				<ftr name="FIR" ret="FIR">
					<det name="FIR"/>					
				</ftr>
			</ftr-list>
		</transaction>

		<transaction name="EstacaoSinoticaIncluir" errorMsg="true" type="EI">
			<ftr-list>
				<ftr name="Sinotica" ret="Sinotica" useAllDets="true" />
			</ftr-list>
		</transaction>	
		<transaction name="EstacaoSinoticaAlterar" errorMsg="true" type="EI">
			<ftr-list>
				<ftr name="Sinotica" ret="Sinotica" useAllDets="true" />
			</ftr-list>	
		</transaction>


		<transaction name="EstacaoSinoticaConsultar" errorMsg="true" type="EQ">
			<ftr-list>
				<ftr name="Sinotica" ret="Sinotica" useAllDets="true" />
			</ftr-list>
		</transaction>

		<transaction name="EstacaoSinoticaExcluir" errorMsg="true" type="EI">
			<ftr-list>
				<ftr name="Sinotica" ret="Sinotica">
					<det name="Sinotica"/>	
				</ftr>
			</ftr-list>
		</transaction>
		<transaction name="GrupoLocalidadeIncluir" errorMsg="true" type="EI">
			<ftr-list>
				<ftr name="Localidade_GRUPO" ret="Localidade_GRUPO" useAllDets="true" />
			</ftr-list>			
		</transaction>	
		<transaction name="GrupoLocalidadeAlterar" errorMsg="true" type="EI">
			<ftr-list>
				<ftr name="Localidade_GRUPO" ret="Localidade_GRUPO" useAllDets="true" />
			</ftr-list>		
				
		</transaction>


		<transaction name="GrupoLocalidadeConsultar" errorMsg="true" type="EQ">
			<ftr-list>
				<ftr name="Localidade_GRUPO" ret="Localidade_GRUPO" useAllDets="true" />
			</ftr-list>	
				
		</transaction>

		<transaction name="GrupoLocalidadeExcluir" errorMsg="true" type="EI">
			<ftr-list>
				<ftr name="Localidade_GRUPO" ret="Localidade_GRUPO">
					<det name="Localidade_GRUPO"/>
					
				</ftr>
			</ftr-list>
			
		</transaction>
		<transaction name="FIR_GrupoIncluir" errorMsg="true" type="EI">
			<ftr-list>
				<ftr name="FIR_Grupo" ret="FIR_Grupo" useAllDets="true" />
			</ftr-list>			
		</transaction>	
		<transaction name="FIR_GrupoAlterar" errorMsg="true" type="EI">
			<ftr-list>
				<ftr name="FIR_Grupo" ret="FIR_Grupo" useAllDets="true" />
			</ftr-list>		
				
		</transaction>


		<transaction name="FIR_GrupoConsultar" errorMsg="true" type="EQ">
			<ftr-list>
				<ftr name="FIR_Grupo" ret="FIR_Grupo" useAllDets="true" />
			</ftr-list>	
				
		</transaction>

		<transaction name="FIR_GrupoExcluir" errorMsg="true" type="EI">
			<ftr-list>
				<ftr name="FIR_Grupo" ret="FIR_Grupo">
					<det name="FIR_Grupo"/>
					
				</ftr>
			</ftr-list>
			
		</transaction>
		<transaction name="Sinotica_GRUPOIncluir" errorMsg="true" type="EI">
			<ftr-list>
				<ftr name="Sinotica_GRUPO" ret="Sinotica_GRUPO" useAllDets="true" />
			</ftr-list>			
		</transaction>	
		<transaction name="Sinotica_GRUPOAlterar" errorMsg="true" type="EI">
			<ftr-list>
				<ftr name="Sinotica_GRUPO" ret="Sinotica_GRUPO" useAllDets="true" />
			</ftr-list>		
				
		</transaction>


		<transaction name="Sinotica_GRUPOConsultar" errorMsg="true" type="EQ">
			<ftr-list>
				<ftr name="Sinotica_GRUPO" ret="Sinotica_GRUPO" useAllDets="true" />
			</ftr-list>	
			
		</transaction>

		<transaction name="Sinotica_GRUPOExcluir" errorMsg="true" type="EI">
			<ftr-list>
				<ftr name="Sinotica_GRUPO" ret="Sinotica_GRUPO">
					<det name="Sinotica_GRUPO"/>
					
				</ftr>
			</ftr-list>
			
		</transaction>
		<transaction name="Grupo_EnderecoIncluir" errorMsg="true" type="EI">
			<ftr-list>
				<ftr name="Grupo_Endereco" ret="Grupo_Endereco" useAllDets="true" />
			</ftr-list>			
		</transaction>	
		<transaction name="Grupo_EnderecoAlterar" errorMsg="true" type="EI">
			<ftr-list>
				<ftr name="Grupo_Endereco" ret="Grupo_Endereco" useAllDets="true" />
			</ftr-list>		
					
		</transaction>


		<transaction name="Grupo_EnderecoConsultar" errorMsg="true" type="EQ">
			<ftr-list>
				<ftr name="Grupo_Endereco" ret="Grupo_Endereco" useAllDets="true" />
			</ftr-list>	
				
		</transaction>

		<transaction name="Grupo_EnderecoExcluir" errorMsg="true" type="EI">
			<ftr-list>
				<ftr name="Grupo_Endereco" ret="Grupo_Endereco">
					<det name="Grupo_Endereco"/>
					
				</ftr>
			</ftr-list>
			
		</transaction>

		<transaction name="RegiaoIncluir" errorMsg="true" type="EI">
			<ftr-list>
				<ftr name="Regiao" ret="Regiao" useAllDets="true" />
			</ftr-list>			
		</transaction>	
		<transaction name="RegiaoAlterar" errorMsg="true" type="EI">
			<ftr-list>
				<ftr name="Regiao" ret="Regiao" useAllDets="true" />
			</ftr-list>		
				
		</transaction>


		<transaction name="RegiaoConsultar" errorMsg="true" type="EQ">
			<ftr-list>
				<ftr name="Regiao" ret="Regiao" useAllDets="true" />
			</ftr-list>	
				
		</transaction>

		<transaction name="RegiaoExcluir" errorMsg="true" type="EI">
			<ftr-list>
				<ftr name="Regiao" ret="Regiao">
					<det name="Regiao"/>
					
				</ftr>
			</ftr-list>
				
		</transaction>
		<transaction name="paisIncluir" errorMsg="true" type="EI">
			<ftr-list>
				<ftr name="pais" ret="pais" useAllDets="true" />
			</ftr-list>			
		</transaction>	
		<transaction name="paisAlterar" errorMsg="true" type="EI">
			<ftr-list>
				<ftr name="pais" ret="pais" useAllDets="true" />
			</ftr-list>		
				
		</transaction>


		<transaction name="paisConsultar" errorMsg="true" type="EQ">
			<ftr-list>
				<ftr name="pais" ret="pais" useAllDets="true" />
			</ftr-list>	
				
		</transaction>

		<transaction name="paisExcluir" errorMsg="true" type="EI">
			<ftr-list>
				<ftr name="pais" ret="pais">
					<det name="pais"/>
				</ftr>
			</ftr-list>
			
		</transaction>
		<transaction name="RemetenteIncluir" errorMsg="true" type="EI">
			<ftr-list>
				<ftr name="Remetente" ret="Remetente" useAllDets="true" />
			</ftr-list>			
		</transaction>	
		<transaction name="RemetenteAlterar" errorMsg="true" type="EI">
			<ftr-list>
				<ftr name="Remetente" ret="Remetente" useAllDets="true" />
			</ftr-list>		
				
		</transaction>


		<transaction name="RemetenteConsultar" errorMsg="true" type="EQ">
			<ftr-list>
				<ftr name="Remetente" ret="Remetente" useAllDets="true" />
			</ftr-list>	
			
		</transaction>

		<transaction name="RemetenteExcluir" errorMsg="true" type="EI">
			<ftr-list>
				<ftr name="Remetente" ret="Remetente">
					<det name="Remetente"/>
					
				</ftr>
			</ftr-list>
			
		</transaction>

		<transaction name="Aviso_AutomaticoIncluir" errorMsg="true" type="EI">
			<ftr-list>
				<ftr name="Aviso_Automatico" ret="Aviso_Automatico" useAllDets="true" />
			</ftr-list>			
		</transaction>	
		<transaction name="Aviso_AutomaticoAlterar" errorMsg="true" type="EI">
			<ftr-list>
				<ftr name="Aviso_Automatico" ret="Aviso_Automatico" useAllDets="true" />
			</ftr-list>			
		</transaction>


		<transaction name="Aviso_AutomaticoConsultar" errorMsg="true" type="EQ">
			<ftr-list>
				<ftr name="Aviso_Automatico" ret="Aviso_Automatico" useAllDets="true" />
			</ftr-list>	
	
		</transaction>

		<transaction name="Aviso_AutomaticoExcluir" errorMsg="true" type="EI">
			<ftr-list>
				<ftr name="Aviso_Automatico" ret="Aviso_Automatico">
					<det name="Aviso_Automatico"/>
					
				</ftr>
			</ftr-list>

		</transaction>

		<transaction name="ASSOCIACAO_RemetenteIncluir" errorMsg="true" type="EI">
			<ftr-list>
				<ftr name="Remetente" ret="Remetente" useAllDets="true" />
			</ftr-list>			
		</transaction>	
		<transaction name="ASSOCIACAO_RemetenteAlterar" errorMsg="true" type="EI">
			<ftr-list>
			<ftr name="Remetente" ret="Remetente" useAllDets="true" />
			</ftr-list>		
	
		</transaction>


		<transaction name="ASSOCIACAO_RemetenteConsultar" errorMsg="true" type="EQ">
			<ftr-list>
			<ftr name="Remetente" ret="Remetente" useAllDets="true" />
			</ftr-list>	
	
		</transaction>

		<transaction name="ASSOCIACAO_RemetenteExcluir" errorMsg="true" type="EI">
			<ftr-list>
			<ftr name="Remetente" ret="Remetente">
					<det name="Remetente"/>
					
				</ftr>
			</ftr-list>

		</transaction>
		<transaction name="Associacao_LocalidadeIncluir" errorMsg="true" type="EI">
			<ftr-list>
				<ftr name="Localidade" ret="Localidade" useAllDets="true" />
			</ftr-list>			
		</transaction>	
		<transaction name="Associacao_LocalidadeAlterar" errorMsg="true" type="EI">
			<ftr-list>
				<ftr name="Localidade" ret="Localidade" useAllDets="true" />
			</ftr-list>		
	
		</transaction>


		<transaction name="Associacao_LocalidadeConsultar" errorMsg="true" type="EQ">
			<ftr-list>
				<ftr name="Localidade" ret="Localidade" useAllDets="true" />
			</ftr-list>	
	
		</transaction>

		<transaction name="Associacao_LocalidadeExcluir" errorMsg="true" type="EI">
			<ftr-list>
				<ftr name="Localidade" ret="Localidade">
					<det name="Localidade"/>
					
				</ftr>
			</ftr-list>
		</transaction>
		<transaction name="ASSOCIACAO_ESTACAO_SinoticaIncluir" errorMsg="true" type="EI">
			<ftr-list>
				<ftr name="Sinotica" ret="Sinotica" useAllDets="true" />
			</ftr-list>			
		</transaction>	
		<transaction name="ASSOCIACAO_ESTACAO_SinoticaAlterar" errorMsg="true" type="EI">
			<ftr-list>
				<ftr name="Sinotica" ret="Sinotica" useAllDets="true" />
			</ftr-list>	
		</transaction>


		<transaction name="ASSOCIACAO_ESTACAO_SinoticaConsultar" errorMsg="true" type="EQ">
			<ftr-list>
				<ftr name="Sinotica" ret="Sinotica" useAllDets="true" />
			</ftr-list>	
		</transaction>

		<transaction name="ASSOCIACAO_ESTACAO_SinoticaExcluir" errorMsg="true" type="EI">
			<ftr-list>
				<ftr name="Sinotica" ret="Sinotica">
					<det name="Sinotica"/>
					
				</ftr>
			</ftr-list>
		</transaction>
		<transaction name="ASSOCIACAO_Remetente_AFTN_AMHSIncluir" errorMsg="true" type="EI">
			<ftr-list>
				<ftr name="Remetente" ret="Remetente" useAllDets="true" />
			</ftr-list>			
		</transaction>	
		<transaction name="ASSOCIACAO_Remetente_AFTN_AMHSAlterar" errorMsg="true" type="EI">
			<ftr-list>
				<ftr name="Remetente" ret="Remetente" useAllDets="true" />
			</ftr-list>	
		</transaction>


		<transaction name="ASSOCIACAO_Remetente_AFTN_AMHSConsultar" errorMsg="true" type="EQ">
			<ftr-list>
				<ftr name="Remetente" ret="Remetente" useAllDets="true" />
			</ftr-list>	
		</transaction>

		<transaction name="ASSOCIACAO_Remetente_AFTN_AMHSExcluir" errorMsg="true" type="EI">
			<ftr-list>
				<ftr name="Remetente" ret="Remetente" useAllDets="true">
					<det name="Remetente"/>
					
				</ftr>
			</ftr-list>
		</transaction>
		<transaction name="indicadorWAFSIncluir" errorMsg="true" type="EI">
			<ftr-list>
				<ftr name="WAFS" ret="WAFS" useAllDets="true" />
			</ftr-list>			
		</transaction>	
		<transaction name="indicadorWAFSAlterar" errorMsg="true" type="EI">
			<ftr-list>
				<ftr name="WAFS" ret="WAFS" useAllDets="true" />
			</ftr-list>	
		</transaction>


		<transaction name="indicadorWAFSConsultar" errorMsg="true" type="EQ">
			<ftr-list>
				<ftr name="WAFS" ret="WAFS" useAllDets="true" />
			</ftr-list>	
		</transaction>

		<transaction name="indicadorWAFSExcluir" errorMsg="true" type="EI">
			<ftr-list>
				<ftr name="WAFS" ret="WAFS">
					<det name="indicador"/>
					
				</ftr>
			</ftr-list>
		</transaction>
		<transaction name="UsuarioSistemaIncluir" errorMsg="true" type="EI">
			<ftr-list>
				<ftr name="Usuario" ret="Usuario" useAllDets="true" />
			</ftr-list>			
		</transaction>	
		<transaction name="UsuarioSistemaAlterar" errorMsg="true" type="EI">
			<ftr-list>
				<ftr name="Usuario" ret="Usuario" useAllDets="true" />
			</ftr-list>		
			
		</transaction>


		<transaction name="UsuarioSistemaConsultar" errorMsg="true" type="EQ">
			<ftr-list>
				<ftr name="Usuario" ret="Usuario" useAllDets="true" />
			</ftr-list>	
		</transaction>

		<transaction name="UsuarioSistemaExcluir" errorMsg="true" type="EI">
			<ftr-list>
				<ftr name="Usuario" ret="Usuario">
					<det name="Usuario"/>
					
				</ftr>
			</ftr-list>
		</transaction>
		
<transaction name="LOGAR" errorMsg="true" type="EQ"> 
   
	<ftr-list>	
   		<ftr name="Usuario" ret="Usuario" useAllDets="true"/> 
	</ftr-list>
	
     
		
   	  
  
</transaction>

<transaction name="SENHA ALTERAR" errorMsg="true" type="EO"> 

  <ftr-list>	
<ftr name="Usuario" ret="Usuario" useAllDets="true"/> 
 </ftr-list>

     

  
   
  
</transaction>

<transaction name="MENSAGENS METEOROLOGICAS INDIVIDUAL - CONSULTAR" errorMsg="true" type="EQ"> 
   
<ftr-list>	
<ftr name="FIR" ret="FIR" useAllDets="true"/> 
   
<ftr name="Localidade" ret="Localidade" useAllDets="true"/> 
  
<ftr name="Sinotica" ret="Sinotica" useAllDets="true"/> 
   
</ftr-list>

  
  
</transaction>

<transaction name="MENSAGENS METEOROLOGICAS POR Localidade - CONSULTAR" errorMsg="true" type="EQ">
 
   <ftr-list>
	<ftr name="Localidade" ret="Localidade" useAllDets="true"/> 
  
<ftr name="FIR" ret="FIR" useAllDets="true"/> 
   
<ftr name="Sinotica" ret="Sinotica" useAllDets="true"/> 
   
</ftr-list>
  
  
</transaction>
<transaction name="MENSAGENS METEOROLOGICAS POR FAIXA - CONSULTAR" errorMsg="true" type="EQ"> 
   <ftr-list>	<ftr name="FIR" ret="FIR" useAllDets="true"/> 
<ftr name="Localidade" ret="Localidade" useAllDets="true"/> 
  
   </ftr-list>
     
     
  </transaction>


<transaction name="MENSAGENS ATIVAS NO BANCO - LISTAR" errorMsg="true" type="EQ"> 
   <ftr-list>	<ftr name="FIR" ret="FIR" useAllDets="true"/> 
<ftr name="Localidade" ret="Localidade" useAllDets="true"/> 
  
<ftr name="Sinotica" ret="Sinotica" useAllDets="true"/> 
   
   </ftr-list>
     
     
  </transaction>


<transaction name="MENSAGENS AUSENTES - CONSULTAR" errorMsg="true" type="EQ"> 
   <ftr-list>	<ftr name="Sinotica" ret="Sinotica" useAllDets="true"/> 
   
<ftr name="FIR" ret="FIR" useAllDets="true"/> 
<ftr name="Localidade" ret="Localidade" useAllDets="true"/> 
  
   </ftr-list>
     
     
  </transaction>


<transaction name="MENSAGENS METEOROLOGICAS NO BANCO OPMET MODERNIZADO -INCLUIR" errorMsg="true" type="EI"> 
   <ftr-list>	<ftr name="Sinotica" ret="Sinotica" useAllDets="true"/> 
   
<ftr name="FIR" ret="FIR" useAllDets="true"/> 
<ftr name="Localidade" ret="Localidade" useAllDets="true"/> 
  
   </ftr-list>
     
     
  </transaction>


<transaction name="MENSAGENS METEOROLOGICAS NO BANCO OPMET MODERNIZADO - MODIFICAR" errorMsg="true" type="EI"> 
   <ftr-list>	
<ftr name="Sinotica" ret="Sinotica" useAllDets="true"/> 
   
<ftr name="FIR" ret="FIR" useAllDets="true"/> 
<ftr name="Localidade" ret="Localidade" useAllDets="true"/> 
  
   </ftr-list>
     
     
  </transaction>


<transaction name="MENSAGENS METEOROLOGICAS NO BANCO OPMET MODERNIZADO - EXCLUIR" errorMsg="true" type="EI"> 
   <ftr-list>	<ftr name="Sinotica" ret="Sinotica" useAllDets="true"/> 
   
<ftr name="FIR" ret="FIR" useAllDets="true"/> 
<ftr name="Localidade" ret="Localidade" useAllDets="true"/> 
  
   </ftr-list>
</transaction>

<transaction name="MENSAGENS ERRADAS ENVIADAS AO BANCO OPMET MODERNIZADO - CORRIGIR" errorMsg="true" type="EO"> 
   <ftr-list>	<ftr name="QTD_RECEBIDAS" ret="QTD_RECEBIDAS" useAllDets="true"/> 
   </ftr-list>
</transaction>


<transaction name="MENSAGENS DE CONSULTAS A OUTROS BANCOS - EDITAR" errorMsg="true" type="EI"> 
   <ftr-list>	<ftr name="MSG_ENVIADAS_OUTROS" ret="MSG_ENVIADAS_OUTROS" useAllDets="true"/> 
   </ftr-list>
     
     
  </transaction>



<transaction name="ESTADOS OPERACIONAIS - VISUALIZAR" errorMsg="true" type="EQ"> 
   <ftr-list>	<ftr name="ESTADO_OPERACIONAL" ret="ESTADO_OPERACIONAL" useAllDets="true"/> 
   </ftr-list>
     
     
  </transaction>


<transaction name="GERENCIADOR DE RELATORIOS - VISUALIZAR" errorMsg="true" type="EQ"> 
   <ftr-list>	<ftr name="Usuario" ret="Usuario" useAllDets="true"/> 
   </ftr-list>
     
     
  </transaction>


<transaction name="CONFIGURACAO - CONSULTA" errorMsg="true" type="EQ"> 
   <ftr-list>	<ftr name="CONFIGURACAO" ret="CONFIGURACAO" useAllDets="true"/> 
   </ftr-list>
     
     
  </transaction>


<transaction name="CONFIGURACAO - MODIFICAR" errorMsg="true" type="EI"> 
   <ftr-list>	<ftr name="CONFIGURACAO" ret="CONFIGURACAO" useAllDets="true"/> 
   </ftr-list>
     
     
  </transaction>


<transaction name="RELATORIO DE ATIVIDADE DOS UsuarioS DO SISTEMA - CONSULTA" errorMsg="true" type="EQ"> 
   <ftr-list>	<ftr name="Usuario" ret="Usuario" useAllDets="true"/> 
<ftr name="LOG" ret="LOG" useAllDets="true"/> 
   </ftr-list>
     
     
  </transaction>


<transaction name="RELATORIO DE IMPRESSAO DE CADASTROS" errorMsg="true" type="EQ"> 
   <ftr-list>	<ftr name="Regiao" ret="Regiao" useAllDets="true"/> 
<ftr name="Usuario_ESTRANGEIRO" ret="Usuario_ESTRANGEIRO" useAllDets="true"/> 
   </ftr-list>
     
     
  </transaction>


<transaction name="RELATORIO DE MENSAGENS AUSENTES OU INCLUIDAS COM ATRASO" errorMsg="true" type="EO"> 
   <ftr-list>	
<ftr name="Sinotica" ret="Sinotica" useAllDets="true"/> 
   
<ftr name="FIR" ret="FIR" useAllDets="true"/> 
<ftr name="Localidade" ret="Localidade" useAllDets="true"/> 
  
   </ftr-list>
     
     
  </transaction>


<transaction name="RELATORIO DE MENSAGENS ERRADAS" errorMsg="true" type="EQ"> 
   <ftr-list>	<ftr name="LOG" ret="LOG" useAllDets="true"/> 
<ftr name="Remetente" ret="Remetente" useAllDets="true"/> 
   </ftr-list>
     
     
  </transaction>


<transaction name="RELATORIO DE SITUACAO GERAL" errorMsg="true" type="EO"> 
   <ftr-list>	
<ftr name="Sinotica" ret="Sinotica" useAllDets="true"/> 
   
<ftr name="FIR" ret="FIR" useAllDets="true"/> 
<ftr name="Localidade" ret="Localidade" useAllDets="true"/> 
  
   </ftr-list>
     
     
  </transaction>


<transaction name="RELATORIO DE MENSAGENS INSERIDAS" errorMsg="true" type="EQ"> 
   <ftr-list>	<ftr name="Area" ret="Area" useAllDets="true"/> 
<ftr name="Sinotica" ret="Sinotica" useAllDets="true"/> 
   
<ftr name="FIR" ret="FIR" useAllDets="true"/> 
<ftr name="Localidade" ret="Localidade" useAllDets="true"/> 
  
   </ftr-list>
     
     
  </transaction>


<transaction name="RELATORIO DE MENSAGENS ENVIADAS A OUTROS BANCO" errorMsg="true" type="EQ"> 
   <ftr-list>	<ftr name="MSG_ENVIADAS_OUTROS" ret="MSG_ENVIADAS_OUTROS" useAllDets="true"/> 
   </ftr-list>
     
     
  </transaction>


<transaction name="RELATORIO DE MENSAGENS RQM" errorMsg="true" type="EQ"> 
   <ftr-list>	<ftr name="Remetente" ret="Remetente" useAllDets="true"/> 
<ftr name="RQM" ret="RQM" useAllDets="true"/> 
   </ftr-list>
     
     
  </transaction>


<transaction name="RELATORIO DE QUANTIDADE DE MENSAGENS PROCESSADAS" errorMsg="true" type="EO"> 
   <ftr-list>	<ftr name="Usuario_ESTRANGEIRO" ret="Usuario_ESTRANGEIRO" useAllDets="true"/> 
<ftr name="Regiao" ret="Regiao" useAllDets="true"/> 
<ftr name="QTD_RECEBIDAS" ret="QTD_RECEBIDAS" useAllDets="true"/> 
   </ftr-list>
     
     
  </transaction>


<transaction name="RELATORIOS ESTATISTICO DE MENSAGENS METEOROLOGICAS OPERACIONAIS." errorMsg="true" type="EQ"> 
   <ftr-list>	<ftr name="Usuario_ESTRANGEIRO" ret="Usuario_ESTRANGEIRO" useAllDets="true"/> 
<ftr name="Regiao" ret="Regiao" useAllDets="true"/> 
   </ftr-list>
     
     
  </transaction>


<transaction name="RELATORIO ESTATASTICO DIARIO OPERACIONAL RECEBIDO SEM CONSOLIDACAO " errorMsg="true" type="EO"> 
   <ftr-list>	<ftr name="Usuario_ESTRANGEIRO" ret="Usuario_ESTRANGEIRO" useAllDets="true"/> 
<ftr name="Localidade" ret="Localidade" useAllDets="true"/> 
<ftr name="FIR" ret="FIR" useAllDets="true"/> 
   </ftr-list>
     
     
  </transaction>


<transaction name="RELATORIO ESTATASTICO DIARIO OPERACIONAL RECEBIDO CONSOLIDADO POR PAAS" errorMsg="true" type="EO"> 
   <ftr-list>	<ftr name="Usuario_ESTRANGEIRO" ret="Usuario_ESTRANGEIRO" useAllDets="true"/> 
<ftr name="Localidade" ret="Localidade" useAllDets="true"/> 
<ftr name="FIR" ret="FIR" useAllDets="true"/> 
   </ftr-list>
     
     
  </transaction>


<transaction name=" RELATORIO ESTATASTICO DIARIO OPERACIONAL TRANSMITIDO SEM CONSOLIDACAO" errorMsg="true" type="EO"> 
   <ftr-list>	<ftr name="Usuario_ESTRANGEIRO" ret="Usuario_ESTRANGEIRO" useAllDets="true"/> 
 <ftr name="Localidade" ret="Localidade" useAllDets="true"/> 
<ftr name="FIR" ret="FIR" useAllDets="true"/> 
<ftr name="Usuario_ESTRANGEIRO" ret="Usuario_ESTRANGEIRO" useAllDets="true"/> 
<ftr name="Localidade" ret="Localidade" useAllDets="true"/> 
<ftr name="FIR" ret="FIR" useAllDets="true"/> 
   </ftr-list>
     
     
  </transaction>


<transaction name="RELATORIO ESTATASTICO RESUMIDO OPERACIONAL RECEBIDO SEM CONSOLIDACAO" errorMsg="true" type="EO"> 
   <ftr-list>	<ftr name="Usuario_ESTRANGEIRO" ret="Usuario_ESTRANGEIRO" useAllDets="true"/> 
<ftr name="Localidade" ret="Localidade" useAllDets="true"/> 
<ftr name="FIR" ret="FIR" useAllDets="true"/> 
<ftr name="Usuario_ESTRANGEIRO" ret="Usuario_ESTRANGEIRO" useAllDets="true"/> 
<ftr name="Localidade" ret="Localidade" useAllDets="true"/> 
<ftr name="FIR" ret="FIR" useAllDets="true"/> 
   </ftr-list>
     
     
  </transaction>


<transaction name=" RELATORIO ESTATASTICO RESUMIDO OPERACIONAL TRANSMITIDO SEM CONSOLIDACAO" errorMsg="true" type="EQ"> 
   <ftr-list>	<ftr name="Usuario_ESTRANGEIRO" ret="Usuario_ESTRANGEIRO" useAllDets="true"/> 
<ftr name="Localidade" ret="Localidade" useAllDets="true"/> 
<ftr name="FIR" ret="FIR" useAllDets="true"/> 
   </ftr-list>
     
     
  </transaction>


<transaction name=" RELATORIO ESTATASTICO RESUMIDO OPERACIONAL TRANSMITIDO CONSOLIDADO POR Regiao" errorMsg="true" type="EQ"> 
   <ftr-list>	<ftr name="Usuario_ESTRANGEIRO" ret="Usuario_ESTRANGEIRO" useAllDets="true"/> 
<ftr name="Localidade" ret="Localidade" useAllDets="true"/> 
<ftr name="FIR" ret="FIR" useAllDets="true"/> 
   </ftr-list>
     
     
  </transaction>


<transaction name="RELATORIO ESTATASTICO DETALHADO OPERACIONAL RECEBIDO SEM CONSOLIDACAO" errorMsg="true" type="EO"> 
   <ftr-list>	<ftr name="Usuario_ESTRANGEIRO" ret="Usuario_ESTRANGEIRO" useAllDets="true"/> 
<ftr name="Localidade" ret="Localidade" useAllDets="true"/> 
<ftr name="FIR" ret="FIR" useAllDets="true"/> 
   </ftr-list>
     
     
  </transaction>


<transaction name="RELATORIO ESTATASTICO DETALHADO OPERACIONAL RECEBIDO CONSOLIDADO POR PAAS" errorMsg="true" type="EO"> 
   <ftr-list>	<ftr name="Usuario_ESTRANGEIRO" ret="Usuario_ESTRANGEIRO" useAllDets="true"/> 
<ftr name="Localidade" ret="Localidade" useAllDets="true"/> 
<ftr name="FIR" ret="FIR" useAllDets="true"/> 
   </ftr-list>
     
     
  </transaction>


<transaction name=" RELATORIO ESTATASTICO DETALHADO OPERACIONAL TRANSMITIDO SEM CONSOLIDACAO" errorMsg="true" type="EO"> 
   <ftr-list>	<ftr name="Usuario_ESTRANGEIRO" ret="Usuario_ESTRANGEIRO" useAllDets="true"/> 
<ftr name="Localidade" ret="Localidade" useAllDets="true"/> 
<ftr name="FIR" ret="FIR" useAllDets="true"/> 
   </ftr-list>
     
     
  </transaction>


<transaction name="RELATORIO ESTATASTICO DETALHADO OPERACIONAL TRANSMITIDO CONSOLIDADO POR Regiao" errorMsg="true" type="EO"> 
   <ftr-list>	<ftr name="Usuario_ESTRANGEIRO" ret="Usuario_ESTRANGEIRO" useAllDets="true"/> 
<ftr name="Localidade" ret="Localidade" useAllDets="true"/> 
<ftr name="FIR" ret="FIR" useAllDets="true"/> 
   </ftr-list>
     
     
  </transaction>


<transaction name="RELATORIO ESTATISITICO DE MENSAGENS SinoticaS" errorMsg="true" type="EQ"> 
   <ftr-list>	<ftr name="Sinotica" ret="Sinotica" useAllDets="true"/> 
   </ftr-list>
     
     
  </transaction>


<transaction name=" RELATORIO ESTATASTICO DIARIO Sinotica RECEBIDO SEM CONSOLIDACAO" errorMsg="true" type="EQ"> 
   <ftr-list>	<ftr name="Usuario_ESTRANGEIRO" ret="Usuario_ESTRANGEIRO" useAllDets="true"/> 
<ftr name="Sinotica" ret="Sinotica" useAllDets="true"/> 
   </ftr-list>
     
     
  </transaction>


<transaction name="RELATORIO ESTATASTICO DIARIO Sinotica RECEBIDO CONSOLIDADO POR PAAS" errorMsg="true" type="EQ"> 
   <ftr-list>	<ftr name="Usuario_ESTRANGEIRO" ret="Usuario_ESTRANGEIRO" useAllDets="true"/> 
<ftr name="Sinotica" ret="Sinotica" useAllDets="true"/> 
   </ftr-list>
     
     
  </transaction>


<transaction name="RELATORIO ESTATASTICO DIARIO Sinotica TRANSMITIDO SEM CONSOLIDACAO" errorMsg="true" type="EQ"> 
   <ftr-list>	<ftr name="Usuario_ESTRANGEIRO" ret="Usuario_ESTRANGEIRO" useAllDets="true"/> 
<ftr name="Sinotica" ret="Sinotica" useAllDets="true"/> 
   </ftr-list>
     
     
  </transaction>


<transaction name=" RELATORIO ESTATASTICO DIARIO Sinotica TRANSMITIDO CONSOLIDADO POR Regiao" errorMsg="true" type="EO"> 
   <ftr-list>	<ftr name="Usuario_ESTRANGEIRO" ret="Usuario_ESTRANGEIRO" useAllDets="true"/> 
<ftr name="Sinotica" ret="Sinotica" useAllDets="true"/> 
   </ftr-list>
     
     
  </transaction>


<transaction name="RELATORIO ESTATASTICO DETALHADO Sinotica RECEBIDO SEM CONSOLIDACAO" errorMsg="true" type="EO"> 
   <ftr-list>	<ftr name="Usuario_ESTRANGEIRO" ret="Usuario_ESTRANGEIRO" useAllDets="true"/> 
<ftr name="Sinotica" ret="Sinotica" useAllDets="true"/> 
   </ftr-list>
     
     
  </transaction>


<transaction name=" RELATORIO ESTATASTICO DETALHADO Sinotica RECEBIDO CONSOLIDADO POR PAAS" errorMsg="true" type="EO"> 
   <ftr-list>	<ftr name="Usuario_ESTRANGEIRO" ret="Usuario_ESTRANGEIRO" useAllDets="true"/> 
<ftr name="Sinotica" ret="Sinotica" useAllDets="true"/> 
   </ftr-list>
     
     
  </transaction>


<transaction name="RELATORIO ESTATASTICO DETALHADO Sinotica TRANSMITIDO SEM CONSOLIDACAO" errorMsg="true" type="EO"> 
   <ftr-list>	<ftr name="Usuario_ESTRANGEIRO" ret="Usuario_ESTRANGEIRO" useAllDets="true"/> 
<ftr name="Sinotica" ret="Sinotica" useAllDets="true"/> 
   </ftr-list>
     
     
  </transaction>


<transaction name="RELATORIO ESTATASTICO DETALHADO Sinotica TRANSMITIDO CONSOLIDADO POR Regiao" errorMsg="true" type="EO"> 
   <ftr-list>	<ftr name="Usuario_ESTRANGEIRO" ret="Usuario_ESTRANGEIRO" useAllDets="true"/> 
<ftr name="Sinotica" ret="Sinotica" useAllDets="true"/> 
   </ftr-list>
     
     
  </transaction>



<transaction name="LISTAR (FIR)" errorMsg="true" type="EQ"> 
   <ftr-list>	<ftr name="FIR" ret="FIR" useAllDets="true"/> 
   </ftr-list>
     
     
  </transaction>
<transaction name="LISTAR (ESTACAO Sinotica)" errorMsg="true" type="EQ"> 
   <ftr-list>	<ftr name="Sinotica" ret="Sinotica" useAllDets="true"/> 
   </ftr-list>
     
     
  </transaction>
<transaction name="LISTAR (Localidade)" errorMsg="true" type="EQ"> 
   <ftr-list>	<ftr name="Localidade" ret="Localidade" useAllDets="true"/> 
   </ftr-list>
     
     
  </transaction>
<transaction name="LISTAR (Regiao)" errorMsg="true" type="EQ"> 
   <ftr-list>	<ftr name="Regiao" ret="Regiao" useAllDets="true"/> 
   </ftr-list>
     
     
  </transaction>
<transaction name="LISTAR (INDICADOR GEOGRAFICO)" errorMsg="true" type="EQ"> 
   <ftr-list>	<ftr name="Usuario_ESTRANGEIRO" ret="Usuario_ESTRANGEIRO" useAllDets="true"/> 
   </ftr-list>
     
     
  </transaction>
<transaction name="LISTAR (GRUPO FIR)" errorMsg="true" type="EQ"> 
   <ftr-list>	<ftr name="FIR_Grupo" ret="FIR_Grupo" useAllDets="true"/> 
   </ftr-list>
     
     
  </transaction>
<transaction name="LISTAR (GRUPO Localidade)" errorMsg="true" type="EQ"> 
   <ftr-list>	<ftr name="Localidade_GRUPO" ret="Localidade_GRUPO" useAllDets="true"/> 
   </ftr-list>
     
     
  </transaction>
<transaction name="LISTAR (GRUPO ESTACAO Sinotica)" errorMsg="true" type="EQ"> 
   <ftr-list>	<ftr name="Sinotica_GRUPO" ret="Sinotica_GRUPO" useAllDets="true"/> 
   </ftr-list>
     
     
  </transaction>
<transaction name="LISTAR (Grupo_EnderecoS)" errorMsg="true" type="EQ"> 
   <ftr-list>	<ftr name="Grupo_Endereco" ret="Grupo_Endereco" useAllDets="true"/> 
   </ftr-list>
     
     
  </transaction>
<transaction name="LISTAR (Area)" errorMsg="true" type="EQ"> 
   <ftr-list>	<ftr name="Area" ret="Area" useAllDets="true"/> 
   </ftr-list>
     
     
  </transaction>
<transaction name="LISTAR (AVISO)" errorMsg="true" type="EQ"> 
   <ftr-list>	<ftr name="Aviso_Automatico" ret="Aviso_Automatico" useAllDets="true"/> 
   </ftr-list>
     
     
  </transaction>
<transaction name="LISTAR (COMPILADOR)" errorMsg="true" type="EQ"> 
   <ftr-list>	<ftr name="Aviso_Automatico" ret="Aviso_Automatico" useAllDets="true"/> 
   </ftr-list>
     
     
  </transaction>
<transaction name="LISTAR (ENDERECO AFTN)" errorMsg="true" type="EQ"> 
   <ftr-list>	<ftr name="Aviso_Automatico" ret="Aviso_Automatico" useAllDets="true"/> 
   </ftr-list>
     
     
  </transaction>


<transaction name="Localidade - CONSULTAR" errorMsg="true" type="EQ"> 
   <ftr-list>	<ftr name="Localidade" ret="Localidade" useAllDets="true"/> 
"<ftr name="Sinotica" ret="Sinotica" useAllDets="true"/> 
   </ftr-list>
     
     
  </transaction>

<transaction name="Localidade - INCLUIR" errorMsg="true" type="EI"> 
   <ftr-list>	<ftr name="Localidade" ret="Localidade" useAllDets="true"/> 
<ftr name="Sinotica" ret="Sinotica" useAllDets="true"/> 
   </ftr-list>
     
     
  </transaction>

<transaction name="Localidade - MODIFICAR" errorMsg="true" type="EI"> 
   <ftr-list>	<ftr name="Localidade" ret="Localidade" useAllDets="true"/> 
"<ftr name="Sinotica" ret="Sinotica" useAllDets="true"/> 
   </ftr-list>
     
     
  </transaction>


<transaction name="Localidade EXCLUIR" errorMsg="true" type="EI"> 
   <ftr-list>	<ftr name="Localidade" ret="Localidade" useAllDets="true"/> 
   </ftr-list>
     
     
  </transaction>


<transaction name="FIR - CONSULTAR" errorMsg="true" type="EQ"> 
   <ftr-list>	<ftr name="FIR" ret="FIR" useAllDets="true"/> 
   </ftr-list>
     
     
  </transaction>
<transaction name="FIR - INCLUIR" errorMsg="true" type="EQ"> 
   <ftr-list>	<ftr name="FIR" ret="FIR" useAllDets="true"/> 
   </ftr-list>
     
     
  </transaction>
<transaction name="FIR - MODIFICAR" errorMsg="true" type="EI"> 
   <ftr-list>	<ftr name="FIR" ret="FIR" useAllDets="true"/> 
   </ftr-list>
     
     
  </transaction>
<transaction name="FIR - EXCLUIR" errorMsg="true" type="EI"> 
   <ftr-list>	<ftr name="FIR" ret="FIR" useAllDets="true"/> 
   </ftr-list>
     
     
  </transaction>
<transaction name="ESTACAO Sinotica - CONSULTAR" errorMsg="true" type="EQ"> 
   <ftr-list>	<ftr name="Sinotica" ret="Sinotica" useAllDets="true"/> 
   </ftr-list>
     
     
  </transaction>
<transaction name="ESTACAO Sinotica - INCLUIR" errorMsg="true" type="EI"> 
   <ftr-list>	<ftr name="Sinotica" ret="Sinotica" useAllDets="true"/> 
   </ftr-list>
     
     
  </transaction>
<transaction name="ESTACAO Sinotica - MODIFICAR" errorMsg="true" type="EI"> 
   <ftr-list>	<ftr name="Sinotica" ret="Sinotica" useAllDets="true"/> 
   </ftr-list>
     
     
  </transaction>
<transaction name="ESTACAO Sinotica - EXCLUIR" errorMsg="true" type="EI"> 
   <ftr-list>	<ftr name="Sinotica" ret="Sinotica" useAllDets="true"/> 
   </ftr-list>
     
     
  </transaction>
<transaction name="Area - CONSULTAR" errorMsg="true" type="EQ"> 
   <ftr-list>	<ftr name="Area" ret="Area" useAllDets="true"/> 
   </ftr-list>
     
     
  </transaction>
<transaction name="Area - INCLUIR" errorMsg="true" type="EI"> 
   <ftr-list>	<ftr name="Area" ret="Area" useAllDets="true"/> 
   </ftr-list>
     
     
  </transaction>
<transaction name="Area - MODIFICAR" errorMsg="true" type="EI"> 
   <ftr-list>	<ftr name="Area" ret="Area" useAllDets="true"/> 
   </ftr-list>
     
     
  </transaction>
<transaction name="Area - EXCLUIR" errorMsg="true" type="EI"> 
   <ftr-list>	<ftr name="Area" ret="Area" useAllDets="true"/> 
   </ftr-list>
     
     
  </transaction>
<transaction name="GRUPO DE Localidade - CONSULTAR" errorMsg="true" type="EQ"> 
   <ftr-list>	<ftr name="Localidade_GRUPO" ret="Localidade_GRUPO" useAllDets="true"/> 
   </ftr-list>
     
     
  </transaction>
<transaction name="GRUPO DE Localidade - INCLUIR" errorMsg="true" type="EI"> 
   <ftr-list>	<ftr name="Localidade_GRUPO" ret="Localidade_GRUPO" useAllDets="true"/> 
   </ftr-list>
     
     
  </transaction>
<transaction name="GRUPO DE Localidade - MODIFICAR" errorMsg="true" type="EI"> 
   <ftr-list>	<ftr name="Localidade_GRUPO" ret="Localidade_GRUPO" useAllDets="true"/> 
   </ftr-list>
     
     
  </transaction>
<transaction name="GRUPO DE Localidade - EXCLUIR" errorMsg="true" type="EI"> 
   <ftr-list>	<ftr name="Localidade_GRUPO" ret="Localidade_GRUPO" useAllDets="true"/> 
   </ftr-list>
     
     
  </transaction>
<transaction name="GRUPO FIR - CONSULTAR" errorMsg="true" type="EQ"> 
   <ftr-list>	<ftr name="FIR_Grupo" ret="FIR_Grupo" useAllDets="true"/> 
   </ftr-list>
     
     
  </transaction>
<transaction name="GRUPO FIR - INCLUIR" errorMsg="true" type="EI"> 
   <ftr-list>	<ftr name="FIR_Grupo" ret="FIR_Grupo" useAllDets="true"/> 
   </ftr-list>
     
     
  </transaction>
<transaction name="GRUPO FIR - MODIFICAR" errorMsg="true" type="EI"> 
   <ftr-list>	<ftr name="FIR_Grupo" ret="FIR_Grupo" useAllDets="true"/> 
   </ftr-list>
     
     
  </transaction>
<transaction name="GRUPO FIR - EXCLUIR" errorMsg="true" type="EI"> 
   <ftr-list>	<ftr name="FIR_Grupo" ret="FIR_Grupo" useAllDets="true"/> 
   </ftr-list>
     
     
  </transaction>
<transaction name="GRUPO DE ESTAcoES SinoticaS - CONSULTAR" errorMsg="true" type="EQ"> 
   <ftr-list>	<ftr name="Sinotica_GRUPO" ret="Sinotica_GRUPO" useAllDets="true"/> 
   </ftr-list>
     
     
  </transaction>
<transaction name="GRUPO DE ESTAcoES SinoticaS -  INCLUIR" errorMsg="true" type="EI"> 
   <ftr-list>	<ftr name="Sinotica_GRUPO" ret="Sinotica_GRUPO" useAllDets="true"/> 
   </ftr-list>
     
     
  </transaction>
<transaction name="GRUPO DE ESTAcoES SinoticaS -  MODIFICAR" errorMsg="true" type="EI"> 
   <ftr-list>	<ftr name="Sinotica_GRUPO" ret="Sinotica_GRUPO" useAllDets="true"/> 
   </ftr-list>
     
     
  </transaction>
<transaction name="GRUPO DE ESTAcoES SinoticaS -  EXCLUIR" errorMsg="true" type="EI"> 
   <ftr-list>	<ftr name="Sinotica_GRUPO" ret="Sinotica_GRUPO" useAllDets="true"/> 
   </ftr-list>
     
     
  </transaction>
<transaction name="GRUPO DE ENDEREcOS - CONSULTAR" errorMsg="true" type="EQ"> 
   <ftr-list>	<ftr name="Grupo_Endereco" ret="Grupo_Endereco" useAllDets="true"/> 
   </ftr-list>
     
     
  </transaction>
<transaction name="GRUPO DE ENDEREcOS - INCLUIR" errorMsg="true" type="EI"> 
   <ftr-list>	<ftr name="Grupo_Endereco" ret="Grupo_Endereco" useAllDets="true"/> 
   </ftr-list>
     
     
  </transaction>
<transaction name="GRUPO DE ENDEREcOS - MODIFICAR" errorMsg="true" type="EI"> 
   <ftr-list>	<ftr name="Grupo_Endereco" ret="Grupo_Endereco" useAllDets="true"/> 
   </ftr-list>
     
     
  </transaction>
<transaction name="GRUPO DE ENDEREcOS - EXCLUIR" errorMsg="true" type="EI"> 
   <ftr-list>	<ftr name="Grupo_Endereco" ret="Grupo_Endereco" useAllDets="true"/> 
   </ftr-list>
     
     
  </transaction>
<transaction name="Regiao - CONSULTA" errorMsg="true" type="EQ"> 
   <ftr-list>	<ftr name="Regiao" ret="Regiao" useAllDets="true"/> 
   </ftr-list>
     
     
  </transaction>
<transaction name="Regiao - INCLUIR" errorMsg="true" type="EI"> 
   <ftr-list>	<ftr name="Regiao" ret="Regiao" useAllDets="true"/> 
   </ftr-list>
     
     
  </transaction>
<transaction name="Regiao - MODIFICAR" errorMsg="true" type="EI"> 
   <ftr-list>	<ftr name="Regiao" ret="Regiao" useAllDets="true"/> 
   </ftr-list>
     
     
  </transaction>
<transaction name="Regiao EXCLUIR" errorMsg="true" type="EI"> 
   <ftr-list>	<ftr name="Regiao" ret="Regiao" useAllDets="true"/> 
   </ftr-list>
     
     
  </transaction>
<transaction name="PAiS - CONSULTAR" errorMsg="true" type="EQ"> 
   <ftr-list>	<ftr name="Usuario_ESTRANGEIRO" ret="Usuario_ESTRANGEIRO" useAllDets="true"/> 
   </ftr-list>
     
     
  </transaction>
<transaction name="PAiS - INCLUIR" errorMsg="true" type="EI"> 
   <ftr-list>	<ftr name="Usuario_ESTRANGEIRO" ret="Usuario_ESTRANGEIRO" useAllDets="true"/> 
   </ftr-list>
     
     
  </transaction>
<transaction name="PAiS - MODIFCAR" errorMsg="true" type="EI"> 
   <ftr-list>	<ftr name="Usuario_ESTRANGEIRO" ret="Usuario_ESTRANGEIRO" useAllDets="true"/> 
   </ftr-list>
     
     
  </transaction>
<transaction name="PAiS - EXCLUIR" errorMsg="true" type="EI"> 
   <ftr-list>	<ftr name="Usuario_ESTRANGEIRO" ret="Usuario_ESTRANGEIRO" useAllDets="true"/> 
   </ftr-list>
     
     
  </transaction>
<transaction name="Remetente - CONSULTAR" errorMsg="true" type="EQ"> 
   <ftr-list>	<ftr name="Remetente" ret="Remetente" useAllDets="true"/> 
   </ftr-list>
     
     
  </transaction>
<transaction name="Remetente - INCLUIR" errorMsg="true" type="EI"> 
   <ftr-list>	<ftr name="Remetente" ret="Remetente" useAllDets="true"/> 
   </ftr-list>
     
     
  </transaction>
<transaction name="Remetente - MODIFICAR" errorMsg="true" type="EI"> 
   <ftr-list>	<ftr name="Remetente" ret="Remetente" useAllDets="true"/> 
   </ftr-list>
     
     
  </transaction>
<transaction name="Remetente - EXCLUIR" errorMsg="true" type="EI"> 
   <ftr-list>	<ftr name="Remetente" ret="Remetente" useAllDets="true"/> 
   </ftr-list>
     
     
  </transaction>
<transaction name="ASSOCIAcAO DE RemetenteS - CONSULTAR" errorMsg="true" type="EQ"> 
   <ftr-list>	<ftr name="Remetente" ret="Remetente" useAllDets="true"/> 
   </ftr-list>
     
     
  </transaction>
<transaction name="ASSOCIAcAO DE RemetenteS -  INCLUIR" errorMsg="true" type="EI"> 
   <ftr-list>	<ftr name="Remetente" ret="Remetente" useAllDets="true"/> 
   </ftr-list>
     
     
  </transaction>
<transaction name="ASSOCIAcAO DE RemetenteS -  MODIFICAR" errorMsg="true" type="EI"> 
   <ftr-list>	<ftr name="Remetente" ret="Remetente" useAllDets="true"/> 
   </ftr-list>
     
     
  </transaction>
<transaction name="ASSOCIAcAO DE RemetenteS -  EXCLUIR" errorMsg="true" type="EI"> 
   <ftr-list>	<ftr name="Remetente" ret="Remetente" useAllDets="true"/> 
   </ftr-list>
     
     
  </transaction>
<transaction name="ASSOCIAcAO DE LocalidadeS - CONSULTAR" errorMsg="true" type="EQ"> 
   <ftr-list>	<ftr name="Localidade" ret="Localidade" useAllDets="true"/> 
   </ftr-list>
     
     
  </transaction>
<transaction name="ASSOCIAcAO LocalidadeS - INCLUIR" errorMsg="true" type="EI"> 
   <ftr-list>	<ftr name="Localidade" ret="Localidade" useAllDets="true"/> 
   </ftr-list>
     
     
  </transaction>
<transaction name="ASSOCIAcAO LocalidadeS - MODIFICAR" errorMsg="true" type="EI"> 
   <ftr-list>	<ftr name="Localidade" ret="Localidade" useAllDets="true"/> 
   </ftr-list>
     
     
  </transaction>
<transaction name="ASSOCIAcAO LocalidadeS - EXCLUIR" errorMsg="true" type="EI"> 
   <ftr-list>	<ftr name="Localidade" ret="Localidade" useAllDets="true"/> 
   </ftr-list>
     
     
  </transaction>
<transaction name="ASSOCIAcAO DE ESTAcOES SinoticaS - CONSULTAR" errorMsg="true" type="EQ"> 
   <ftr-list>	<ftr name="Sinotica" ret="Sinotica" useAllDets="true"/> 
   </ftr-list>
     
     
  </transaction>
<transaction name="ASSOCIAcAO DE ESTAcOES SinoticaS - INCLUIR" errorMsg="true" type="EI"> 
   <ftr-list>	<ftr name="Sinotica" ret="Sinotica" useAllDets="true"/> 
   </ftr-list>
     
     
  </transaction>
<transaction name="ASSOCIAcAO DE ESTAcOES SinoticaS - MODIFICAR" errorMsg="true" type="EI"> 
   <ftr-list>	<ftr name="Sinotica" ret="Sinotica" useAllDets="true"/> 
   </ftr-list>
     
     
  </transaction>
<transaction name="ASSOCIAcAO DE ESTAcOES SinoticaS - EXCLUIR" errorMsg="true" type="EI"> 
   <ftr-list>	<ftr name="Sinotica" ret="Sinotica" useAllDets="true"/> 
   </ftr-list>
     
     
  </transaction>
<transaction name="Remetente AFTN - AMHS - CONSULTAR" errorMsg="true" type="EQ"> 
   <ftr-list>	<ftr name="Remetente" ret="Remetente" useAllDets="true"/> 
   </ftr-list>
     
     
  </transaction>
<transaction name="Remetente AFTN - AMHS - INCLUIR" errorMsg="true" type="EI"> 
   <ftr-list>	<ftr name="Remetente" ret="Remetente" useAllDets="true"/> 
   </ftr-list>
     
     
  </transaction>
<transaction name="Remetente AFTN - AMHS - MODIFICAR" errorMsg="true" type="EI"> 
   <ftr-list>	<ftr name="Remetente" ret="Remetente" useAllDets="true"/> 
   </ftr-list>
     
     
  </transaction>
<transaction name="Remetente AFTN - AMHS - EXCLUIR" errorMsg="true" type="EI"> 
   <ftr-list>	<ftr name="Remetente" ret="Remetente" useAllDets="true"/> 
   </ftr-list>
     
     
  </transaction>
<transaction name="ESTADOS OPERACIONAIS - VISUALIZAR" errorMsg="true" type="EQ"> 
   <ftr-list>	<ftr name="ESTADO_OPERACIONAL" ret="ESTADO_OPERACIONAL" useAllDets="true"/> 
   </ftr-list>
     
     
  </transaction>
<transaction name="GERENCIADOR DE RELATORIOS - VISUALIZAR" errorMsg="true" type="EQ"> 
   <ftr-list>	<ftr name="Usuario" ret="Usuario" useAllDets="true"/> 
   </ftr-list>
     
     
  </transaction>
<transaction name="CONFIGURACAO - CONSULTA" errorMsg="true" type="EQ"> 
   <ftr-list>	<ftr name="CONFIGURACAO" ret="CONFIGURACAO" useAllDets="true"/> 
   </ftr-list>
     
     
  </transaction>
<transaction name="CONFIGURACAO - MODIFICAR" errorMsg="true" type="EQ"> 
   <ftr-list>	<ftr name="CONFIGURACAO" ret="CONFIGURACAO" useAllDets="true"/> 
   </ftr-list>
     
     
  </transaction>
<transaction name="INDICADOR WAFS - CONSULTAR" errorMsg="true" type="EQ"> 
   <ftr-list>	<ftr name="WAFS" ret="WAFS" useAllDets="true"/> 
   </ftr-list>
     
     
  </transaction>
<transaction name="INDICADOR WAFS - INCLUIR" errorMsg="true" type="EI"> 
   <ftr-list>	<ftr name="WAFS" ret="WAFS" useAllDets="true"/> 
   </ftr-list>
     
     
  </transaction>
<transaction name="INDICADOR WAFS - MODIFICAR" errorMsg="true" type="EI"> 
   <ftr-list>	<ftr name="WAFS" ret="WAFS" useAllDets="true"/> 
   </ftr-list>
     
     
  </transaction>
<transaction name="INDICADOR WAFS - EXCLUIR" errorMsg="true" type="EI"> 
   <ftr-list>	<ftr name="WAFS" ret="WAFS" useAllDets="true"/> 
   </ftr-list>
     
     
  </transaction>
<transaction name="Usuario DO SISTEMA - CONSULTAR" errorMsg="true" type="EQ"> 
   <ftr-list>	<ftr name="Usuario" ret="Usuario" useAllDets="true"/> 
   </ftr-list>
     
     
  </transaction>
<transaction name="Usuario DO SISTEMA - INCLUIR" errorMsg="true" type="EI"> 
   <ftr-list>	<ftr name="Usuario" ret="Usuario" useAllDets="true"/> 
   </ftr-list>
     
     
  </transaction>
<transaction name="Usuario DO SISTEMA - MODIFICAR" errorMsg="true" type="EI"> 
   <ftr-list>	<ftr name="Usuario" ret="Usuario" useAllDets="true"/> 
   </ftr-list>
     
     
  </transaction>
<transaction name="Usuario DO SISTEMA - EXCLUIR" errorMsg="true" type="EI"> 
   <ftr-list>	<ftr name="Usuario" ret="Usuario" useAllDets="true"/> 
   </ftr-list>
     
     
  </transaction>


	</transaction-model>
</system>